{"cameraMode":{"drawMode":0,"name":"Shaded","section":"Shading Mode"},"sceneLighting":true,"audioPlay":false,"sceneViewState":{"showFog":true,"showMaterialUpdate":false,"showSkybox":true,"showFlares":true,"showImageEffects":true,"showParticleSystems":true},"in2DMode":false,"pivot":{"x":-0.1504957675933838,"y":-0.13982951641082765,"z":0.2736623287200928},"rotation":{"x":-0.014155120588839054,"y":0.6999390125274658,"z":-0.013857647776603699,"w":-0.7139278650283814},"size":11.645380020141602,"orthographic":true}