{"cameraMode":{"drawMode":0,"name":"Shaded","section":"Shading Mode"},"sceneLighting":true,"audioPlay":false,"sceneViewState":{"showFog":true,"showMaterialUpdate":false,"showSkybox":true,"showFlares":true,"showImageEffects":true,"showParticleSystems":true},"in2DMode":false,"pivot":{"x":13.031888961791993,"y":-8.683547973632813,"z":-8.667241096496582},"rotation":{"x":0.06935995072126389,"y":-0.9262903928756714,"z":0.30429378151893618,"w":0.21114122867584229},"size":35.34977340698242,"orthographic":false}