{"cameraMode":{"drawMode":0,"name":"Shaded","section":"Shading Mode"},"sceneLighting":true,"audioPlay":false,"sceneViewState":{"showFog":true,"showMaterialUpdate":false,"showSkybox":true,"showFlares":true,"showImageEffects":true,"showParticleSystems":true},"in2DMode":false,"pivot":{"x":9.999924659729004,"y":1.7741098403930665,"z":0.0},"rotation":{"x":-0.015720369294285775,"y":-0.9488441348075867,"z":0.3117021322250366,"w":-0.047849494963884357},"size":29.321922302246095,"orthographic":true}